,Albania,Armenia,Australia,Austria,Azerbaijan,Belarus,Belgium,Bosnia,Bulgaria,Croatia,Cyprus,Czech Republic,Denmark,Estonia,Finland,France,Georgia,Germany,Greece,Hungary,Iceland,Ireland,Israel,Italy,Latvia,Lithuania,Macedonia,Malta,Moldova,Montenegro,Netherlands,Norway,Poland,Portugal,Romania,Russia,San Marino,Serbia,Slovakia,Slovenia,Spain,Sweden,Switzerland,Turkey,Ukraine,United Kingdom
Albania,0,-1.390132813271452,1.5620413268496893,-1.8938147616770287,-0.6726225644630652,-1.0967794656016734,-2.9550555978291384,2.557518393860864,1.9478305956528952,-1.2921853584813892,0.8962790173996094,-1.4226190476190477,-2.1746677989617655,-1.7501043381705403,-1.697595728254693,1.6881905411679001,-1.9759315473251609,1.0738306052085032,5.474685215987494,-0.4456422983923725,-0.954467222276159,-0.6120200302818795,0.24151132910760645,7.255716790697535,-2.255761242346608,-1.7323575725372904,4.272530643986885,-0.3227156024105357,-2.1715390729992783,2.831585081585082,-1.7932042126318817,-1.481330656743948,-1.2825693754675105,-1.6088542348903618,-0.6893422777701265,-1.6145488890193638,2.611111111111111,-0.5093752459445655,0,-1.118253968253968,2.468643978483768,-1.1787939353223569,-1.5282604032604032,5.180487789288192,-2.5693098953925984,1.3242487831006295
Armenia,-1.5709649357916369,0,-1.2951015302931679,-1.8526046371574827,-2.7648121989264483,2.403220534398327,-1.7805677420568304,-2.110388946621296,-1.7664551186328192,-0.9746902826171119,3.0783087526508583,1.5773809523809523,-1.6119508397749733,-2.220650183150183,-1.697595728254693,3.045295605597274,7.64906845267484,-0.42697709721458094,4.975203305466463,-1.8825739657575342,-1.1983761911553952,-0.8829066714405062,-0.31638567537155465,-1.7723700668180773,-1.6542439719268989,-1.7348616224739462,1.698611111111111,2.2406218799030095,1.7052276015241357,8.922008547008547,-1.2269135627402787,-0.1910258013274702,-1.3523481938116084,0.6768600508239239,-1.9396017048135148,4.295811751363741,2.611111111111111,-1.1528126653928963,0,-1.118253968253968,0.2901016508333582,0.19528512830365002,0.701058201058201,-2.9734631293681355,0.48405228372906706,0.09790591237317815
Australia,-1.7509157509157511,-1.3743589743589741,0,0.27227476356396224,-1.407379612257661,-1.0121951219512195,2.233520950594122,0,0.9266356949283777,-0.725609756097561,-2.0947148090005236,-1.4226190476190477,0.6852497096399532,3.482905982905983,-0.5476190476190477,-0.2546553330525457,-0.9480925578486555,1.6414468226314918,-0.8225974567437982,-1.4590943319166316,0,2.380952380952381,2.0962399969368612,-2.5701777896899847,-0.3295809881175735,2.008639328151523,0,-1.8658536585365855,2.475464576074333,-1.1282051282051282,0.6326337681981472,-1.1795229161082819,-0.6805503439649779,-1.3540940766550524,-2.591828225974567,-3.248280175109444,0,-0.37086571964620746,0,-0.8412698412698413,2.8804290947148092,2.4801597937486437,0,0,-2.1662795199380565,3.7870607905451115
Austria,2.6974478853962354,0.34574055330634257,1.7048984697068323,0,-0.3368778680075214,1.178601483383255,-0.5810437745715994,1.5444968996145314,1.0906877385100382,0.09896930163877976,-1.9552738074526177,1.5773809523809526,-0.05226569734620416,-0.3489479425053289,-0.28022903318085807,0.2530301106208302,-1.7006857943796325,0.6468771020713875,-1.0091723412903042,-0.10237792804986323,-0.05338811002288929,0.872814752441225,-0.14156434653217284,-0.7500014161544728,-0.995141614103703,-1.0454957513167165,-1.1267808551089942,0.3547230650567579,-1.890203494343417,-0.10926999852357808,0.9484530913459248,-0.8637328431565924,0.6500465677377717,-0.70984613500533,-0.08298313140651503,-1.2088616176612388,-0.3888888888888889,0.527727846020143,-0.7443181818181819,-0.48833811547779776,-0.34815812056473305,0.5981782893877912,0.3223360125706183,0.13346336018866523,-2.3417042453915036,1.0454016019192758
Azerbaijan,1.7161763964991548,-2.5648260425924096,-1.4379586731503107,-2.5192713038241497,0,6.608864641277992,-3.4948534563425446,-1.1985371966501621,0.5933023615950445,-0.016768292682926827,-0.7732106480501859,-1.9226190476190474,-1.683766557932155,-0.3215329095991117,-0.8715119680734938,-1.6073003916026105,4.0882210887712445,-1.2848273776776438,1.3335705194819443,1.4434792493200705,-1.9017440523492237,-1.1638089125252156,0.9630868682024009,-2.5624650274842833,-1.2410881801125704,0.4237234607260282,-1.7317073170731707,3.9119181761993054,3.5903085966949897,-0.07799145299145294,-2.4769135627402785,-1.5727084817906383,1.2190803776169632,-1.0374256634617904,1.8588229485533723,3.2897967205380554,2.611111111111111,0.2339082018157757,0,-0.4119047619047619,-0.6980473020978247,-2.9019453881974866,-1.1150793650793651,8.250938703465982,5.511942692879791,-0.5507289537387648
Belarus,-0.4431505610694619,1.2765338533952142,1.7048984697068321,0.40618523832297154,1.5773774355369348,0,-1.0800555978291384,-2.331370495028025,-0.6235979757756763,-0.9588520251480558,0.8053699264905186,1.0773809523809523,-1.3285139528079193,-0.17867576674196886,-0.8087068393658039,-0.9229205699432108,2.2740684526748387,-1.0928360614581638,-1.0253147840125056,-1.2917961445462185,-1.2044672222761592,-1.0564644747263239,-0.42515533755906015,-3.017010482029738,-0.6843326709180368,2.904006063826346,-1.327469356013115,1.0106177309227975,0.41179426033405503,-0.9184149184149184,-0.9043153237429925,1.4472407718274807,0.09243062453248968,-0.46599709203321904,-1.9036279920558405,6.528308253837778,-0.3888888888888889,-1.6760419126112323,0,0.8817460317460318,-0.8091337992940097,-0.11997040591059198,0.9717395967395968,-2.5695122107118062,2.960101869313283,-0.620195661343815
Belgium,0.6679605500416493,1.526533853395214,2.2763270411354037,1.30841360368166,-0.33928923112973175,-1.4301127989350066,0,-0.6520376445181195,0.8049734527957523,-0.4985518381005274,-0.5234024624233774,2.0773809523809526,-0.16236344671718086,-1.673947942505329,-0.9276950202740563,0.2999586036459083,1.1490684526748391,0.7411951788129535,0.24039366361945494,-0.6730920121420764,-0.2936199291413461,0.3036483131778067,-0.008088513739647559,-1.117285366771757,0.24521462199617025,-1.1686349436829828,-0.19530951601934948,-0.5619000350997115,-1.7548724063326115,-0.18372470449277933,1.3334377303628218,0.7559710272001334,-0.9627583103110088,-0.38521074880644046,-0.4441502740144463,-2.0037136945337255,-0.3888888888888889,-0.6224865301620944,-0.5984848484848485,-0.1842994700107029,0.8713948496897195,0.28743558005694664,0.37829887630257053,1.3121848941311167,-1.993237123426343,0.3461024149878076
Bosnia,1.3773987005203496,-1.9958127024879275,3.7682926829268295,0.4909170486765848,0.4551900220935615,-0.04934210526315788,-0.46775189558019864,0,0.1957317073170731,4.755173566520371,-0.36737588595272846,5.5,-1.8471287473702775,-1.5449171636069832,-0.08046409833404926,0.6392409253820052,-1.3639950995374617,-0.39577877170200404,-0.6175259203178415,-1.4306427032036786,-1.7280749456901843,-0.5162165131012035,0.48673112821636577,0.5975341686194682,-1.6214280288688205,-1.202139608555303,5.545949449699216,0.41495847993316715,-1.4417008753795844,5.241161616161616,0.15704853405875865,-0.7895831599917489,0.1953409140314056,-0.6378045546998566,-1.2295892291784216,-2.0282823856138386,0,6.659660844235085,-0.7443181818181819,4.245819875776397,-0.4271804701005914,-0.5197944072473766,-0.09742978749189934,2.4750752451207023,-0.4278761258075801,-0.6185744984429771
Bulgaria,0.6051972855200436,5.102353444587077,-0.506678281068525,5.340301974448316,2.210160614952014,-0.2772464698331194,0.18335472828412502,-1.1558800422006454,0,-1.2515026459386216,0.2280983532588156,2.0773809523809526,-1.6845938192456165,-2.2554636082075104,-0.6597951942865294,-0.8557869028023071,-0.21425143870128285,0.1961130661194846,5.208708557264399,-0.7576316517908303,-1.116849542555576,-0.6627872399494672,-0.0558804148662942,-3.1981410164978845,-1.8368496545325812,1.0713297471320578,4.524486834395371,0.03979515917898446,-1.421539072999278,0.36111111111111116,1.5422575155984115,-2.417324076406233,1.3024390243902442,-3.3231399491760762,-0.47490402060363546,-0.12383922316528215,0,0.712525928642745,0,-1.3648809523809524,0.06622730744681961,-2.046741339332574,-1.445087945087945,3.130641507085666,-0.5653703868915679,0.26191570077321047
Croatia,1.9854299777712145,-1.8976465554129223,2.8266550522648086,-0.7968069492107294,-0.5898393850479857,0.5227535301668806,-1.0946665372369275,5.907375431742318,1.3764020242243238,0,0.5751332339064366,5.0773809523809526,-1.5154362936665773,-1.7695583023080372,-0.2187714401505153,0.11110683870174029,-0.7856800101298543,-0.7727546369347374,-0.5144574236250562,1.9103125462624821,-1.1949103349516286,-0.6921925868632781,0.3274453582329776,0.2269086870228243,-1.1505895738080252,0.8544954977839947,5.668520058288904,1.3944274244731731,-0.7548724063326114,6.241161616161616,0.034256801405935663,-0.5481943363037521,-1.2288494444340932,-0.3870236420488541,-1.4518001393033804,-0.1473093872967852,0,3.749679218876325,2.0593434343434343,3.3250812231247013,-0.28848556741635784,-1.6235178760037026,-0.07194439954364347,0.6231740935136216,-0.9846693725167813,0.0499386551611163
Cyprus,-0.22092833884723953,2.1956126885523544,1.1334698982782607,-0.42763859221275774,1.258654172100899,-0.27724646983311935,-0.6997921279805939,-0.24246399002658808,-0.9093122614899619,0.6610564772220798,0,0.5773809523809523,-0.8274505392100621,-1.2174215501712853,-0.4918389816930888,0.339662189257451,-0.35093154732516096,-1.093936922556011,8.592850538234934,-0.2395307058276411,-0.6911067016281187,-0.35191643882075435,-0.809270595883019,1.506860833289501,-2.0547853780038294,-0.7573926141041173,1.1750385081138779,0.08105631410663747,-0.5048724063326115,2.7043577526043587,-1.138552153659158,-0.5442660828135024,-1.282878748463397,-0.5024875950270282,0.8012200963559244,1.1638794238920258,0,1.1677286240183535,-0.6073232323232324,0.878713337485994,1.5830894244625862,-0.5403281913311229,-0.16815198941614729,-2.0779924246349473,-0.7493752548697226,-0.36449075620705107
Czech Republic,0.84115786652372,2.06556832395247,-0.5808158160074532,0.557989049278248,2.391331635843831,-1.2164634146341464,-1.7664790494058784,-0.9943089430894309,-1.6235979757756762,1.483231707317073,-2.0947148090005236,0,0.5920973674022454,-2.9440705128205127,0.4897328687572591,-0.7730758063075135,0.14126641651031902,-1.0826335656213704,-1.0107905982905985,1.4670424595729474,-2.4054878048780486,5.545634920634921,0.49992108162839877,-2.7130349325471275,-0.26287054409005634,-0.45811476560605474,3.175,2.5060975609756095,-2.074690282617112,-1.1282051282051282,3.2993004348648136,-2.9624641038404107,-0.957369189076506,1.4782665505226482,-1.9538409422555765,-0.7720059412132584,0,-0.06525251751732584,0,2.456547619047619,-0.6235776824801215,3.021477709282587,0,-3.6219512195121957,-0.5484546393082979,1.3467962119181633
Denmark,-0.9987061166250173,-2.3901328132714523,5.704898469706832,1.0166765037446945,-2.0892892311297317,-1.4301127989350066,0.32706494381703244,1.2007951240853818,-1.1950265472042478,-0.5833740962059734,-0.12039333095145424,-1.9226190476190474,0,1.4295614461242776,-0.07887150711332737,-0.908413940502297,-1.9759315473251609,1.9427014838905918,-1.7396904295395617,-0.9703142343642986,3.0240856985642814,1.04135036443565,-1.3053436159174772,-2.820001529446831,0.09171811849966671,-0.1971064721545111,0.3114907498292772,0.7065552760556355,-1.421539072999278,0.661223112685961,0.4470454685150179,1.5576732200427958,-0.7054250381904614,-0.6233083489182171,-0.801544058266252,-2.082298141232907,-0.3888888888888889,-0.3704563733645955,0,0.1427681880511421,-0.9134932627439062,4.011078365824454,0.20822042000736543,-0.20396536395388445,-0.9810746012749514,0.7366623318112634
Estonia,-1.8875950055139061,-2.306799479938119,2.133469898278261,0.6515315011137994,-1.6726225644630652,-0.26344613226834024,-0.3266278552624251,-2.2410603467997725,1.2335448813671808,-1.3920442236705,-0.1525287070058014,-1.9226190476190474,0.9795731099139411,0,3.7222471842925073,0.03009413816600078,0.7740684526748389,0.0038052968662494703,-2.2288016748175474,0.39572813255619743,1.3523443150056356,0.01719260428927239,-1.512511697737368,-2.1614262751939264,5.3386248629717254,2.003012606095572,-1.4564799417110954,-0.2645959800956207,-2.0048724063326113,-3.1684149184149186,0.5998253912664976,2.067985713345239,-0.5000471012594399,-0.6335072040252676,-1.8725283297680715,3.386619796131768,-0.3888888888888889,-3.092708579277899,-0.6073232323232324,-0.5241890717977674,-0.7764746970162866,2.8659864625790843,0.2792755488407662,-2.4721630552900273,0.2289850987958794,0.49233332722006534
Finland,-0.9987061166250173,-2.306799479938119,2.4191841839925465,-0.19580012942156994,-2.3392892311297317,-1.4301127989350066,-0.18360479589323211,-0.27909998080972326,0.9478305956528951,-0.8007698265362795,0.33766943961131635,-0.42261904761904767,0.25971281185238515,4.6505210420838745,0,0.10936530567150325,-1.1009315473251609,-0.6568987740313517,-0.9566375660412961,1.3304433413932772,0.9514615456220847,-0.530906145600556,1.8220622790063512,1.6234553739689843,-0.15061623197006727,0.03248673628115582,-0.623880944590778,-1.0116986921983329,-1.8382057396659448,-0.3601952927280735,-0.1600941432715488,0.5284968976302802,-1.0343617496513025,-0.5065680209289327,-1.7587799036440754,-0.6853403467968505,-0.3888888888888889,-0.5824865301620945,-0.6073232323232324,-0.3226468317117037,0.07922822637047082,2.557670995423431,0.34246677357747884,-0.6333277633158739,-2.275192248333775,-0.6003494180647214
France,-1.7764838944027952,3.1098671867285472,1.9906127554211177,0.3103160721478981,-1.6726225644630652,-1.4301127989350066,0.8671921889818398,-0.4601467510451945,0.6621163099386094,-1.1461920641283354,-1.189122198658568,0.07738095238095233,0.2880288318913841,-1.0788327032855796,-0.3482679369407228,0,-1.9759315473251609,0.2921156047281449,-0.10720991762405521,-0.6943949126743811,-1.2539187006249404,-0.8849306009456502,2.1594439537928194,1.3958319677558066,-1.1159205915737296,-1.184487393904428,-1.3394499918203169,-0.7483254587164818,-1.671539072999278,-0.8006762485235781,1.0186439180280948,-0.9073442103214019,0.2385922062056388,3.01179074220085,-0.3462125402943876,-2.097158635718662,-0.3888888888888889,-0.1770693022521818,-0.6073232323232324,-0.70967053341098,1.083590462285555,-0.46475796952848286,-0.3112322060143581,2.4169955393496925,-2.9376815678707877,0.2901877419476827
Georgia,-0.13112753741765312,4.7201739574075905,-1.1522443874360249,1.7029509183980729,4.736684475131201,2.73655386773166,0.21943225794316948,-2.198537196650162,-0.909312261489962,-0.1951219512195122,-0.9954328702724082,-1.9226190476190474,-1.6796432137253703,1.4957116054677033,-0.9572262537877795,-0.7269432487454678,0,-0.015184520534786281,-0.5139294805180556,-1.3476440214566017,-1.3437013944074279,-1.1582647821644705,-0.4687923686639988,-1.1079195729388283,1.737129455909944,3.0792790162815837,-1.2783536585365853,-1.155698188560833,-1.6208025144161213,-1.077991452991453,-0.9769135627402785,0.6125206700302976,-1.3523481938116084,0.3355033926279112,-2.2261770514466277,-0.5927032794619443,-0.3888888888888889,-2.0594826183658017,0,-1.118253968253968,-0.8266187306692533,1.2172853810332824,-0.615079365079365,1.338438703465982,2.7677119236490224,-0.3543003823101934
Germany,-0.6653727832916839,-0.7234661466047858,2.7048984697068326,0.3510087128405387,-2.5059558977963987,-1.4301127989350066,-0.07220175041209966,-0.7841997813482248,-1.4807408329185332,-0.48550314367379005,-1.1496025784937864,-1.9226190476190474,0.4444252870346235,-0.06590639865613354,0.13326615396836805,-0.35066245213902775,0.024068452674838925,0,0.21304435234093333,-0.10615961855673405,0.22713621752970642,0.49008485978409644,0.5439038439652415,-1.3898823179584794,0.520443044789907,-0.6844873939044281,-1.5762618969717306,-0.14184438452590864,-2.088205739665945,-1.301371763316309,1.1145379230130088,0.7893087302339777,2.0151044138920757,0.16304352981727394,-1.6093704350312295,-0.7638253023853291,-0.3888888888888889,-0.6224865301620947,-0.47916666666666663,-1.2128270990675456,-0.044538654973997005,0.7175521445998126,-0.23640227404156905,3.0738543055834593,-1.993237123426343,0.2689662098565853
Greece,6.556849438930538,3.8598671867285472,-0.7236729588645965,0.29170582925789074,1.7440441022036015,0.5698872010649931,-0.46489110737814926,-1.4376841825556896,-2.052169404347105,-0.6576114278438451,7.908829541197606,-1.9226190476190474,-1.1111826071238886,-1.0649674711744852,0.6576750990366355,0.5998465229342689,2.6490684526748387,-1.546831077750666,0,-0.1649831479684988,-0.3654798325229886,-0.42985300143577615,-1.9266564638923165,-0.44318328880377056,-1.0362083029050155,-1.1573926141041173,-1.4382879622107472,0.6589438854724696,1.9951275936673885,-0.9457920846584814,-0.5180902671079843,-0.9108424376630795,-0.29398649519883374,-0.03275142273452341,1.4171621253414317,0.7849399542345349,-0.3888888888888889,-0.7492447799159702,1.7260101010101012,-0.755341489284878,1.430503375529259,-1.7449526321630664,-0.39746963341112956,-0.9455429824952262,-0.604348234537454,-1.010219738255775
Hungary,2.428023582030551,-0.9387734110134625,5.133469898278261,0.7491197544551204,2.885847154557039,-0.821398516616745,-0.8934732495788337,-1.8579838073740516,-0.05216940434710476,-1.3644996286348836,-1.2199652982955045,-0.9226190476190477,2.0114698937548745,-0.025073036719378106,-0.26255837765144563,-1.0642561498500287,-0.31835785859717636,-0.23930215841066463,0.4708827242973584,0,2.1739979362465456,0.19250412616908125,-0.8309013946209068,-2.328092941860593,1.1367970691141425,0.10350101332129577,-1.447735387826851,0.7542038983572419,-1.7736831449090755,-1.264957264957265,3.505426499825252,0.4038183261931657,0.08121919346974771,0.41006599091964946,-0.2989230774705248,-1.2456104444230245,3.611111111111111,-0.3338978230441645,-0.47916666666666663,0.02932900432900433,-0.025423432632404996,-0.1544109292149966,-0.37995137995138,-0.5152407812468789,-1.3491750385868304,0.05983792638748379
Iceland,1.4457383278194271,-2.0567994799381193,3.4191841839925465,0.716195814190038,-1.3392892311297315,-0.7634461322683402,-0.4044284877935633,-0.18142071028513299,-2.623597975775676,0.8683501454121783,0.2452951077794726,1.0773809523809526,4.192918983088053,1.7903402645680333,2.581835292103975,0.5759895261527317,-1.7259315473251609,0.1322118984575502,-1.5030609274983935,1.085122071950137,0,-0.8143850602984566,-0.6136329891085152,-1.935425536946982,0.1377047405732453,-0.6953372781357376,1.0753958636781884,-1.0722073002982815,-1.8382057396659448,1.5640638999490675,0.4584640779129864,1.8553348729391053,-0.5593905356028742,1.0555263958390115,-1.1318283378737788,-1.332451350113291,-0.3888888888888889,0.25083471693498044,-0.7443181818181819,0.849876720787476,-0.9608590803492686,2.1673964917738138,0.5571803005226919,-1.8467942146405771,-1.6043482345374538,-0.7308287894545387
Ireland,-1.3320394499583506,-2.7234661466047854,-2.7236729588645963,0.7793748142528448,-2.2559558977963987,-1.4301127989350066,1.3942919448875224,-0.8683489628503508,4.233544881367181,-0.5025033088337375,0.07400091921913456,-0.9226190476190477,0.986511668067025,1.8376509135968309,0.3754204746306142,0.2927333796619809,-1.2259315473251609,0.7255850117055445,-1.7543299874510196,-0.517924324439087,0.28774796604172614,0,-0.18113506035393853,-0.19981354712602395,3.7377047405732453,2.3713293885309294,-0.3955022797193268,1.3144976923695275,-1.421539072999278,-0.4764574985235781,1.0914213821099068,0.8389568551737251,-0.44890779379436124,-0.5829140698952664,0.6949399031192092,-1.3824513501132911,-0.3888888888888889,-1.1692568022521816,-0.6073232323232324,0.24850685409996903,-0.895550361579919,0.3221610877548594,-0.05353150480317297,-1.8376355402264848,-1.5487926789818982,1.4416099034089538
Israel,-1.9987061166250173,1.5265338533952144,2.4191841839925465,0.18118530139865302,0.41071076887026825,1.5698872010649934,-0.1248804557172791,-0.16499685218793309,-0.05216940434710476,0.7971831436946415,-0.5104636772718004,-1.9226190476190474,0.6516322978456344,-1.3452766138340002,0.8920888804499442,0.6014532583692119,-0.10093154732516094,-0.6046583991806775,-0.0927142418906991,-0.20642534547540967,0.09599046046904343,-1.1415708572330094,0,-2.000077287022588,0.15680668115354315,-0.6634532201647232,0.8213955964149772,-0.8664454896451662,-0.7548724063326117,1.3378807367705394,0.8209710534599444,-0.12930203766865517,-1.2774436249963235,-0.18117355906895374,2.72251639265222,1.6974387008723555,-0.3888888888888889,0.0819686879438966,-0.3333333333333333,1.2113232035952861,0.8394320503242948,0.6809266772416122,-0.7363455823414266,-0.9983775896592137,2.1734295432403234,0.6934817507664477
Italy,0.7965692843741623,-0.9691536533641797,-0.8665301017217394,0.5219337666042052,0.10756657643692336,-1.1204981457709313,-0.012612841298119943,-0.9992741677236839,-3.740030971738289,-1.3644918661567997,-0.7541723167657296,-1.9226190476190474,-0.10386645881813825,0.7939432808770791,-0.6152421902442095,0.9493052184836875,-0.3558229532555593,1.01736829867426,-0.05483316647311401,-1.3955606881232683,0.7236399114385105,0.6604061566194649,-1.013025500299911,0,-1.3295809881175735,-0.9514361066832184,-1.3921192785668361,2.0477296602983377,1.6783290980063401,-1.394798971095411,-0.48946078716966823,1.0161764546793697,-0.1964248488638732,-0.3962958370567512,1.4212783365543307,-2.040177077504581,-0.3888888888888889,-0.98113265084262,0,-1.090143112030113,1.6783729837502748,-1.089597959182245,0.49713447513285974,-0.017879231488020716,1.3860774904741533,0.17847683319334923
Latvia,-1.7764838944027952,-0.806799479938119,1.8477556125639751,0.8010120562350618,-1.6726225644630652,0.569887201064993,0.6579832806301917,-2.401274906844141,-1.4807408329185332,-0.7427139134272189,-1.1274577906767043,-1.9226190476190474,0.6188284607743955,4.8274830100970085,-0.46404077371036134,0.24698881144064283,-0.225931547325161,0.4225412461587357,-2.541772835380678,-1.137949990700065,0.09376153148151416,0.341591037894651,-1.426954447833327,-1.5624650274842828,0,4.474222199174161,-1.5693104095745853,0.5730302746461571,-1.671539072999278,-1.9184149184149186,0.2995632436881442,1.6309850764503453,-0.6360555003740082,0.5999820597317387,-1.6320414666035308,3.556892366072335,-0.3888888888888889,-2.426041912611232,0,0.043763933329150725,-0.6619682576329357,1.2465965149969027,1.2710148036234996,-3.327151750487713,1.8956517654625458,0.5236487528279314
Lithuania,-1.9987061166250173,-1.3901328132714525,0.7048984697068322,1.1680927291853,0.9107107688702684,0.40322053439832645,0.6197499881398512,-2.251491522401585,-1.7664551186328192,-0.9184953059477418,-1.218035148101888,-1.9226190476190474,-1.3654847803323238,1.9771763865492773,-0.07092483168137581,1.0314294630156817,7.39906845267484,-0.5957795108181477,-2.0613806785179327,-1.1340488008881553,-0.3136483379639284,1.2486869974906105,-0.40494640443459995,-0.562465027484283,6.163791697094984,0,-1.620717216967451,-0.4394542697949092,-1.171539072999278,-2.9184149184149186,0.4783291637584121,1.139260671273255,1.2318228233514525,1.0332717325464436,-1.9575676089908893,2.0827368445539984,-0.3888888888888889,-2.176041912611232,-0.625,0.600127569692787,-0.5588400386845587,0.2321677553507518,0.4349640789858182,-2.3304680971903333,0.9601018693132841,-0.25520949366865503
Macedonia,8.112404994486091,-1.3067994799381193,1.1334698982782607,-0.9312115407193694,-1.422622564463065,0.5698872010649932,-0.6413925722174479,3.958288293605212,3.0906877385100384,3.6629563917669774,0.6447481232418003,0.07738095238095233,-1.2600601030432066,0.516231311106709,0.06972816216050017,-0.3285293363717255,-1.3509315473251609,-0.9017371932072062,-0.5338262233056431,-0.9257154675548221,-1.3585184494881353,-1.0912610629722213,-0.349518733074977,0.07776073352704466,-1.4839495653034005,-1.3814727023620812,0,-0.47186671346628206,-0.4215390729992783,5.581585081585081,-0.38881147262343374,-1.0465409477224765,-0.6724690744896387,-0.11688138434891322,0.4661938275141157,-1.420882451804987,-0.3888888888888889,5.7406247540554345,-0.3333333333333333,2.7684200310559004,-0.7302265585658514,-0.8009556482553939,-0.034306107784368746,2.965882975843797,-0.39283930715730425,-0.21827301615707717
Malta,-0.7764838944027952,-0.806799479938119,-0.8665301017217393,-0.6087523951153793,1.8273774355369348,1.2365538677316599,-1.6260676857023115,-0.9091543918399171,2.376402024224324,1.3058267065482976,1.9739628613229936,0.5773809523809523,-0.3503315838867142,-1.0788327032855796,-0.7049742441080742,-0.5971211828105485,-1.3509315473251609,-0.9193845288509387,0.564804343229271,-1.2826302067920279,0.42765113025560525,0.40311174448486153,0.6970732430024916,4.727828008208792,0.15680668115354315,-0.996987393904428,-0.46153086669897847,0,-2.338205739665945,-1.0140942390942391,-0.5285183807934405,-0.6398943862520027,-0.9489077937943613,-0.9291894429350183,0.9695769333898232,-0.906682445242472,-0.3888888888888889,-1.1691668634223193,6.059343434343435,-0.3027191166321601,-0.0815329203866258,-0.1546922672555391,0.7196863890031592,0.3089700354488644,-0.8265704567596762,2.0604127600658364
Moldova,-1.8294267341443207,0.8598671867285476,3.133469898278261,-0.7414935260463715,2.5773774355369348,3.2365538677316597,-2.637710599199688,-2.1558800422006454,1.2335448813671808,-1.0015026459386216,-0.2229166102721944,-1.9226190476190474,-1.5592831835771503,3.2498956618294597,-1.0309290615880262,-1.2349954823620157,1.3990684526748391,-0.8906845495024156,-1.1743208986198026,-1.2917961445462185,-1.4731726237777953,-1.2877872399494672,0.32484466244093974,-2.2897377547570104,-0.25576124234660813,-0.6414484816281991,-1.725513165604629,-1.0762903468294995,0,-1.5982905982905982,-2.2269135627402785,-0.8961841461767401,-1.0666339080973226,-1.323139949176076,8.990663067378778,3.4151011964406854,0.6111111111111112,-1.83942864295881,0,-1.118253968253968,0.38548462773713854,0.24569320842587838,-1.5282604032604032,-3.297929921485762,3.898784706733599,-0.6653282781010637
Montenegro,6.705402987217909,0.9117211415029128,-2.2951015302931674,-0.9150748476800679,0.5006223462032191,-0.2213985166167451,-0.2012595687356898,5.190851612013735,-2.4807408329185336,3.4855924192963883,0.18848131005644567,-1.9226190476190474,-1.039428416428003,-0.7005185532624557,-0.24556664122172545,0.040462072276383064,-1.2682428985221026,-0.9359098103208775,1.2318862306807536,0.7890462402336599,-1.096034240913671,-1.1547952479746832,-0.3256032432810983,1.2566487702033968,-1.8271898137751794,-1.3555933297910192,7.272530643986885,0.7584455936743938,0.19615812493219434,0,-0.5215968302645889,-0.5253348967746534,-0.5325693754675103,-1.2538384275767767,0.12047494494070025,-0.28349417169218194,-0.3888888888888889,7.6654650227820955,0,3.1152380952380954,-0.540289837602251,-0.9307487059623905,0.37669552261943556,0.23982875148010754,-1.8700299115201324,-0.6488630119350062
Netherlands,-1.8875950055139061,2.2765338533952137,2.276327041135404,0.48951258855099455,-1.0892892311297315,-1.4301127989350066,1.8249175304871692,-0.10699129593916244,-1.4807408329185334,-1.2963746312494075,-0.18219617857271625,-1.9226190476190474,0.9926714761290103,0.3043175802634976,-0.18164436717837368,0.4084314594654173,-1.7259315473251609,0.8189098324598048,-0.047866420500794586,-0.3542718674438027,0.01613827700419712,-0.11205227559764844,1.0233968523613846,-1.8874750754484977,-1.3622952594267546,0.30466272186426224,-1.208660174456169,-0.8293252656662465,-2.5048724063326113,-0.7545824985235783,0.0,1.0833497922259572,-0.9000471012594401,0.6888807352945312,-1.3050600968807908,-2.6250684068178183,-0.3888888888888889,-0.22967346891884852,-0.6073232323232324,-0.6068255990087595,-0.435159344944039,0.27383987871593646,0.8249761856967245,2.2022583022878606,-1.8821260123152317,-0.5273292378987798
Norway,-1.665372783291684,-2.7234661466047854,3.4191841839925465,-0.5335762673966152,-1.5059558977963985,-1.4301127989350066,-0.27114773196677683,0.31059600257799386,1.3764020242243238,-0.7211750804326833,-0.3940243558748908,-1.9226190476190474,2.9664480256558465,-0.29568241973650244,1.2468407587114507,0.46497215479992704,-1.8509315473251609,-0.28087726391689777,-0.9386903863503273,-0.6355713832626164,2.5794146327083927,0.46637038135575026,-0.10887902757363963,-0.4970251751013369,0.8377047405732455,0.5713293885309289,-0.8507271657333604,-0.0036841258122902024,-1.8382057396659448,-0.8307835280221911,0.2421852033521984,0,-0.3239077937943612,-0.11180534405435712,-0.36061565243634636,-1.7324513501132912,-0.3888888888888889,-0.2624865301620945,-0.6073232323232324,-0.7421785849407706,-0.4630383971977469,3.299028968171499,0.0011753657099839285,-0.7177094295944071,-2.048792678981899,-0.5500318997842466
Poland,0.19657757001636766,0.6724866917421476,3.7048984697068312,-0.022545210896627754,0.5744960548651177,-0.06350377977463988,1.9544778204796707,-1.647805544122013,-1.1950265472042478,-1.0727434072530708,-1.5800064946759538,0.07738095238095233,0.276002563756094,0.9377052114552115,0.4799684363431591,-0.07668495553666022,2.5011910135832744,1.1792668561358008,-1.3768871373075382,0.45794849563142276,-1.1391239323154296,0.1030536293198832,-0.17611678016646692,-1.115791119449656,1.1433434315548139,0.5172789478605611,-1.5144612259318142,-1.050335368889171,-1.22144380672622,-2.1684149184149186,1.529077472420871,0.6721860666339259,0,-0.6064249055750981,-0.5974594392834973,-1.2949338840194384,-0.3888888888888889,-0.8993627960193487,1.0593434343434345,-0.245989010989011,-0.27054916367156795,-0.059501526095313235,1.0067031317031316,-2.567954290399356,3.2711672862095487,-0.050838386417088356
Portugal,0.22351610559720492,-1.9477195176810074,-0.32045921558116686,0.515188073123499,0.6600091666522994,-1.26350377977464,0.8076598815796052,-2.022737330755339,-0.5754761904761907,-1.1811598795895948,-1.1973380546618195,-3.3452380952380953,-0.5083677942509608,0.10197178993614277,-1.0658793920807832,0.26287443916836467,-2.1910155078126836,1.0067417819675855,-0.6797958259603365,-1.0685743470151137,0.6863325013361373,-0.561149627171311,0.3058207746199637,2.936938992589967,0.35851472558789627,-0.008720164207969061,-1.8817723026026223,-0.8343075372487139,3.255450197876385,-1.9484305868457208,-0.4098288444723159,-0.35788958957965467,-0.8283684890750889,0,1.4566500683546484,-0.8347087151852874,-0.3888888888888889,-1.9459689219683423,-0.6073232323232324,-1.038474881237067,1.680271845734121,-0.6004801459506837,-0.08734792992394584,-1.7548865921198928,1.651846731306446,0.3579376712885343
Romania,-1.665372783291684,-0.1608423027550113,0.4795407844188332,0.6087014078047855,-0.32178122369714146,-1.2634461322683401,-1.443088310005976,-1.8435097553289894,0.4245238095238095,-0.37908629115985165,-0.07925802296474159,-3.3452380952380953,-0.07021933881034179,-1.040085018522187,-0.8061114239087672,-0.7643686354365193,-2.2118111687912716,-0.302498408011793,3.1743525915007407,1.5839074201817367,-0.9885387440005796,-0.6701164312207882,-0.397777947771928,-1.6847472287138525,-2.4160426981145435,-0.15766094501373853,1.6685200582889046,-0.5461456331146061,7.82846092700072,0.0815850815850816,1.6942793001760874,-1.0330679665174347,0.5573863907316802,-1.63236463108992,0,-0.07719850871555595,-0.3888888888888889,-0.3307624902554299,-0.47916666666666663,0.20748447204968945,1.6279028206559683,-0.15592491572036232,0.12513610271762443,2.4080123909264284,-1.3033673736107332,-0.5350700814177944
Russia,-1.9987061166250173,6.024523550903524,-0.36923970338604484,-1.6896908427241841,5.985535849473591,4.8609283625731,0.8727838259881112,-1.7328886123439997,-2.2730371660859463,-0.5567638065289492,0.47165900610997114,-1.9226190476190474,-1.5277612934754194,0.4309471623897761,-0.7968984870122755,0.9744366451795424,4.274068452674839,-0.0805741594151186,0.062148230820769874,-0.6971427191650006,-0.9406700521043513,-0.8572827252398345,0.4958753443362475,-1.2790773838912475,-0.4795569552100932,0.7092740525625494,-0.5693104095745852,0.575198840574245,4.306348234352086,0.5815850815850815,-0.34347537419803476,0.2603591912389915,-1.513460385678985,-0.5381295978304964,0.34687565718090185,0,-0.3888888888888889,-0.7593752459445655,-0.625,1.0068812347073217,-0.7199467256885493,-1.1125765376400254,0.4740944360509578,-2.2801452233617625,1.4374862849258523,0.290856993369845
San Marino,0.9689627445725005,0.42028323623317215,-1.7236729588645965,-2.4081601927130385,1.191931870012743,-1.1204981457709313,0.8831972833898379,-2.3335269066976387,-3.740030971738289,-1.195121951219512,-0.7810461895827749,-1.9226190476190474,-1.6528199450749728,-0.5042883945322968,0.07490270391425713,-0.4786925621328701,1.532749164969961,0.36342507691994225,1.8774894651419038,0.26166106750188906,0.20334780039529718,-1.0649917476618374,1.7061612168319487,2.7102622452429896,0.5089118198874296,-1.7014361066832184,-1.7317073170731707,2.6443018114391674,0.24975766943491148,-1.077991452991453,0.5230864372597215,2.005139925764658,-1.0666339080973226,1.6289198606271778,-1.8935765774661797,-2.1823264677484833,0,-0.12501116769409448,0,1.5880952380952382,-0.809015712096585,-0.9125241705472774,-1.1150793650793651,1.451219512195122,-1.1456945208549831,2.814829378532845
Serbia,0.11240499448609384,-0.5316600387203727,-0.43795867315031073,-0.03261075093025684,-2.014073100626374,-1.0772464698331194,-0.6565880604500304,6.446407282749753,-0.6235979757756762,2.152259085963055,0.4313857088256877,-1.9226190476190474,-1.605365149039811,-1.178675766741969,-0.21495439632376626,-0.4455786934458199,-1.9759315473251609,-0.23597848080391598,0.6954763492299728,2.514906028593449,-1.4406187386834726,-1.2110637038902106,0.4851126813292983,1.1274821035367306,-2.112904099489465,0.6312787910990733,8.072530643986884,1.7263850920892378,0.4951275936673884,10.871794871794872,0.6828788837777372,-0.274435211664442,-1.2197618259311227,0.10227454643364112,-1.2039070683678283,-0.39472786338837484,0,0,0,2.7080952380952383,-0.7530933203198811,-0.1217917898626172,0.45953282420673713,-0.04584689662021366,0.7162887917009197,-0.41166755035644265
Slovakia,-2.130851519041506,0.49473684210526314,0,0.19787157287157295,-0.22780770523870653,-0.47368421052631576,2.384502923976608,1.245721959184732,0,3.7092803030303036,1.5529427782316094,0,0.9128190139984106,2.824081846337944,-0.7382467532467533,-1.6069979946699182,-3.098997493734336,-0.4159827923467205,0.41828200529832665,0.25617015098722407,-0.21052133752711422,0.15664183555711161,0.9383040935672514,-0.9817073170731707,0,-0.9455792682926829,0.8008130081300814,3.6484848484848484,-0.43016497035271106,0,-1.3207070707070707,-1.526155975674589,-1.0391414141414141,-1.426012759170654,-1.44358864641278,-1.3420988446726572,0,-0.712686187012246,0,-0.9071067821067821,-0.5681234484691297,0.49887991412381655,0.48065476190476186,-3.052593457035049,0.7217036493673211,-0.45763712416930824
Slovenia,0.334627216708316,-1.1401328132714523,0.5620413268496893,0.279550705295351,-2.5059558977963987,-1.4301127989350066,-0.07599318160705033,3.7622210453742198,1.8049734527957522,3.5904162506378006,0.3256817869689081,-0.42261904761904767,-0.06801278319958895,0.3630628318558178,-0.3333033405799387,-0.24421098233514435,-1.6009315473251609,-0.4029107127429873,-1.1665275866898115,-0.9200862613831967,-0.4589027458727941,-0.7255621905549984,-0.22683953406032986,0.3635320118970938,1.4637916970949845,-1.13011988683139,3.9441471473612326,-1.285519325730198,-1.0882057396659448,6.331585081585081,0.6174333296825107,-0.18862009412081426,-0.0843905356028742,-0.3993578197410751,-1.582808730030641,-0.7044491709811914,-0.3888888888888889,4.4906247540554345,-0.5984848484848485,0,-0.7122162901959934,0.6504704672066081,0.5818725765860152,-0.4048124070098969,-0.8265704567596762,-0.13498446821309393
Spain,-1.9987061166250173,2.7765338533952146,2.133469898278261,0.3109554405141601,-1.4226225644630646,-1.4301127989350066,0.3416865363647272,-1.3586097590759947,-1.1950265472042478,-0.8178983652153555,-0.1534502251885829,0.07738095238095233,-0.38414614153680515,-1.14133270328558,-0.4286234540031251,-0.27386939487908796,-1.8509315473251609,1.7961172323686299,0.838736028321891,0.18795802850208945,0.2460812993750595,-0.03362961864424977,0.04390384396524157,3.145831967755805,-0.4795569552100932,-1.059487393904428,-1.2905476112574448,0.7734136717183008,0.8284609270007218,-1.3601952927280738,0.09512637982278672,-1.138575243862502,-1.1989077937943613,2.329371126533878,4.232734828126664,-1.1923967309567576,-0.3888888888888889,-1.7024865301620946,0.05934343434343431,-0.8026287286463021,0,-0.9105146707347281,-1.8144573680401357,-0.6432597367344973,-0.604348234537454,-0.36441604992759735
Sweden,-0.9987061166250173,-1.1401328132714525,6.847755612563974,0.4626970245288504,-0.3392892311297317,-1.4301127989350066,-0.7691714473817963,1.151658804510361,-0.6235979757756763,-1.1351243557950021,-0.122200225188583,-0.42261904761904767,2.5301395727489098,1.4211672967144202,1.9907945630592772,0.1700446185680431,-1.2259315473251609,-0.00285794024539992,-0.9157435264469458,0.24678155791385414,2.7460812993750596,2.1796952493944866,-0.6562703319214657,-1.7395075889939788,-0.3886478643010023,-0.8719873939044281,-0.6717416584869838,0.38210932389221375,-1.0048724063326115,0.15895916814308853,0.18134233072650766,2.0373131648237788,-1.1989077937943613,0.06359449400460176,-0.9251599087154404,-1.6685872071472336,-0.3888888888888889,0.37935430885892923,-0.6073232323232324,-0.2150717679788812,-1.0743805522071985,0,-1.1631879883272833,-0.6129567064314672,-2.493237123426343,-0.13755552927384954
Switzerland,3.6679605500416503,-2.7234661466047854,2.276327041135404,-0.0838061861057648,-2.1726225644630652,-1.4301127989350066,-0.02231447331258678,0.2158049567511308,-1.1950265472042478,-0.3938467290695111,-0.676847897386775,-1.9226190476190474,-1.4059552968513351,-1.1238780124353986,0.14713412175445056,0.655372480933293,-1.8509315473251609,0.9321543713820931,-0.21158940233419912,-0.4167718674438028,0.11638846834098056,1.1562575881161283,1.1033122790063516,0.39583196775580615,-0.4839495653034006,0.8017175055119249,-0.8619761826860161,-0.7873987610299994,-2.338205739665945,-0.5366658809633676,0.6770594312425873,-0.16962144178104316,-0.9689982705136938,1.2103175797686982,-1.8143354591996312,-3.668099216419247,-0.3888888888888889,0.8575134698379057,-0.6073232323232324,-1.246703213723716,1.6122694304083665,-0.07788195568445817,0,1.3870743434651331,-2.686956954216128,-0.015651369582595824
Turkey,3.044065367187016,5.220496362858365,0,0.9936747806576772,7.807997738248059,-2.049342105263158,0.19855967477580072,4.69568152190727,2.075,2.0260540607018593,-2.4217668142929587,0,-1.6936900498102558,-1.5569734425412627,-0.20262255828161885,-1.6265079260065585,2.8381536921572224,-0.3242187128970846,-0.5022947271298722,0.09643266847099603,-0.8668775681884587,0.32775314646910353,-1.2704092921465127,0.48403098533395883,-2.0357979428697877,-1.2830696135750925,2.7782583415130166,1.367148447721764,1.1297276960489873,2.8356663997337384,0.6494138825407717,-0.7700844761644804,-0.460098232444,0.5047433823886691,0.3454850816502419,-0.755176971163576,0,1.050464842676071,-0.5984848484848485,1.6942118168860758,1.2357325335336347,-1.212539724334727,-0.5058952456410896,0,0.38898767342114754,0.21973708986057816
Ukraine,-2.1395700222287855,1.1082001011397675,-0.1733449477351916,-0.5978147616770286,5.198630862077589,7.569887201064994,0.915457222683682,-1.6062334455252223,-3.623597975775676,1.5210331773667498,-1.768989047868456,0.07738095238095233,-1.1746677989617658,-0.7275402356064377,-0.9198179504769151,0.984999657977017,4.785748561298717,-1.0995027281248302,-1.6974759561736779,0.4744858006732202,-1.4306375309121415,-0.9628180272536915,1.7254429530392301,-2.5699935815147628,1.3980849114995455,1.0473627071829894,-0.527469356013115,0.39355595783051794,2.245127593667388,0.8181818181818182,0.006116208631306641,-0.14594604135933248,0.7994819065837715,0.2772525444709334,-1.690953999381848,3.1146818802114047,-0.3888888888888889,-1.2503207811236754,0,1.335079365079365,-0.7455440557042662,-0.46826603185327664,-0.2782604032604032,-1.692899742854939,0,-0.44640648755464124
United Kingdom,-0.22092833884723953,-2.7234661466047854,3.133469898278261,1.3387332182919378,-2.5059558977963987,-1.0967794656016734,0.34168653636472707,-0.7779645977856722,2.0906877385100384,-0.5451710924880829,0.2840497748114169,-1.9226190476190474,0.7015681441774806,1.0461672967144204,-0.1255931509728221,-0.7956085253138709,1.0240684526748391,0.49176940628167387,0.5954927850786474,-1.106159618556734,1.0794146327083929,2.4108148258001947,0.4605705106319083,-2.3898823179584796,1.247715772062634,1.5030126060955722,-0.10007142078125433,1.2516745412835182,-0.6715390729992782,-0.06607764566925013,-0.16957950253015444,0.09951999423273597,-0.4489077937943612,-0.4941582852308275,-1.1883178034522823,-2.14477768333771,-0.3888888888888889,-0.8224865301620946,-0.6073232323232324,0.12594269992512636,-0.6983299021602369,0.7117075514874938,1.1855426319598643,0.5991645056897451,-0.604348234537454,0
